,ndata,nvarys,dof,chi2,redchi2,aic_lmfit,aic_duvet,bic_lmfit,bic_duvet
H delta,221,6,215,110.12897002676458,0.5122277675663469,-141.92883546720668,122.12897002676458,-121.53985925810017,142.51794623587108
H gamma,280,6,274,116.43996249046862,0.4249633667535351,-233.67586579984354,128.43996249046862,-211.86712818082805,150.2487001094841
H beta,251,6,245,97.96138071237249,0.3998423702545816,-224.16078273560876,109.96138071237249,-203.00806510081804,131.11409834716318
