,ndata,nvarys,dof,chi2,redchi2,aic_lmfit,aic_duvet,bic_lmfit,bic_duvet
H delta,221,6,215,110.12896642291356,0.5122277508042491,-141.92884269919193,122.12896642291356,-121.53986649008542,142.5179426320201
H gamma,280,6,274,116.43996290854794,0.42496336827937203,-233.67586479449957,128.43996290854795,-211.8671271754841,150.24870052756344
H beta,251,6,245,97.96138389803164,0.399842383257272,-224.1607745732041,109.96138389803164,-203.0080569384134,131.11410153282236
