,p0,p0_std,p1,p1_std
H delta,1.2869858791597333,0.14657284191208603,-0.000228229671945308,3.526087730377582e-05
H gamma,1.206684464111009,0.08042479130865905,-0.00020824081665400213,1.823697495243242e-05
H beta,0.5029323285230464,0.08347027297964771,-5.735648172995626e-05,1.7042758377904245e-05
