,p0,p0_std,p1,p1_std
[OIII] 4959,4.733640053392358,0.39825941981640905,-0.000702588754995727,7.828154801846759e-05
