,p0,p0_std,p1,p1_std
[OII]&[OII] 3726&3729,11.519593666011788,5.070896607258423,-0.0024271786420980994,0.001340879200151338
