,p0,p0_std,p1,p1_std
[OIII] 4959,-5.991366267104746,1.2332715848838491,0.0014447788534993579,0.00024574921230856013
