,p0,p0_std,p1,p1_std
[OII]&[OII] 3726&3729,11.519593666011072,5.070896607204983,-0.00242717864209791,0.0013408792001372066
