,p0,p0_std,p1,p1_std
[OIII] 4959,4.733640053392392,0.3982594198168695,-0.0007025887549957332,7.828154801855808e-05
