,velocity center,velocity width,line amplitude
x0_e,-30.88559199090949,,
x0_e_err,0.4302510374267782,,
x0_b,,,
x0_b_err,,,
x0_b2,,,
x0_b2_err,,,
x0_a,,,
x0_a_err,,,
sigma_e,,49.97945220042463,
sigma_e_err,,0.35313748402833445,
sigma_b,,,
sigma_b_err,,,
sigma_b2,,,
sigma_b2_err,,,
sigma_a,,,
sigma_a_err,,,
amp_3726,,,0.3860897702953816
amp_3729,,,0.49356592001470356
amp_3726_err,,,0.0043743495493342045
amp_3729_err,,,0.004844698403064474
