,velocity center,velocity width,line amplitude
x0_e,-30.88558975081752,,
x0_e_err,0.43025080457828163,,
x0_b,,,
x0_b_err,,,
x0_b2,,,
x0_b2_err,,,
x0_a,,,
x0_a_err,,,
sigma_e,,49.97945261420754,
sigma_e_err,,0.3531375788347304,
sigma_b,,,
sigma_b_err,,,
sigma_b2,,,
sigma_b2_err,,,
sigma_a,,,
sigma_a_err,,,
amp_3726,,,0.38608975751047137
amp_3729,,,0.4935659268161976
amp_3726_err,,,0.004374349631500808
amp_3729_err,,,0.004844699563637276
