,velocity center,velocity width,line amplitude
x0_e,-30.88559214035996,,
x0_e_err,0.430250974716535,,
x0_b,,,
x0_b_err,,,
x0_b2,,,
x0_b2_err,,,
x0_a,,,
x0_a_err,,,
sigma_e,,49.979452075578834,
sigma_e_err,,0.3531375043665758,
sigma_b,,,
sigma_b_err,,,
sigma_b2,,,
sigma_b2_err,,,
sigma_a,,,
sigma_a_err,,,
amp_3726,,,0.3860897706077797
amp_3729,,,0.4935659211794601
amp_3726_err,,,0.004374349773887587
amp_3729_err,,,0.004844698574082723
