,velocity center,velocity width,line amplitude
x0_e,-30.88559159767371,,
x0_e_err,0.43025105627812654,,
x0_b,,,
x0_b_err,,,
x0_b2,,,
x0_b2_err,,,
x0_a,,,
x0_a_err,,,
sigma_e,,49.97945174040957,
sigma_e_err,,0.3531379533479005,
sigma_b,,,
sigma_b_err,,,
sigma_b2,,,
sigma_b2_err,,,
sigma_a,,,
sigma_a_err,,,
amp_3726,,,0.3860897709772888
amp_3729,,,0.49356592477386263
amp_3726_err,,,0.004374350195872671
amp_3729_err,,,0.0048446997249884044
