,ew_all,ew_all_err,ew_e,ew_e_err,ew_b,ew_b_err,ew_b2,ew_b2_err,ew_abs,ew_abs_err
H delta,3.5299641477508956,0.08217857718595926,,,,,,,4.251080429144767,0.28847177918257866
H gamma,2.9979560541604,0.12281605954680579,,,,,,,4.925469894456034,0.3015368295479056
H beta,2.2806106462398015,0.42103286083389163,,,,,,,3.389231589727004,0.21559075980274217
