,ew_all,ew_all_err,ew_e,ew_e_err,ew_b,ew_b_err,ew_b2,ew_b2_err,ew_abs,ew_abs_err
H delta,3.5299641224246705,0.08217859586953126,,,,,,,4.251080803240853,0.28847181423698026
H gamma,2.997955246079566,0.12281606080669537,,,,,,,4.925469312199716,0.30153680164082725
H beta,2.2806118952399417,0.4210328484093753,,,,,,,3.389230208590279,0.21559067924250175
