,flux_e,flux_e_err,flux_b,flux_b_err,flux_b2,flux_b2_err,flux_abs,flux_abs_err
H delta,0.24440173531097384,0.02029893420815228,,,,,1.2147488631862273,0.09886900513951928
H gamma,0.5614862783348725,0.02022673877621477,,,,,1.1948621557108596,0.09669054001217414
H beta,1.2504811331166692,0.024212107658476322,,,,,0.633025708784872,0.06365382913962943
