,flux_e,flux_e_err,flux_b,flux_b_err,flux_b2,flux_b2_err,flux_abs,flux_abs_err
H delta,0.24440159993618069,0.020298836642942315,,,,,1.2147487845276619,0.09886911141748965
H gamma,0.5614862125577276,0.020226696545429333,,,,,1.1948623184032878,0.0966904734515981
H beta,1.2504811622647467,0.02421208393190299,,,,,0.6330259825198983,0.06365390575549576
