,ew_all,ew_all_err,ew_e,ew_e_err,ew_b,ew_b_err,ew_b2,ew_b2_err,ew_abs,ew_abs_err
[OIII] 4959,459.6368783168416,48.108131585821056,434.1630379019872,46.58251819303456,25.016646714862475,2.6210640526795337,0.4571936999918899,0.3617273887427849,,
