,ew_all,ew_all_err,ew_e,ew_e_err,ew_b,ew_b_err,ew_b2,ew_b2_err,ew_abs,ew_abs_err
[OIII] 4959,459.63682174247356,48.10813682907157,434.1632816115567,46.58254413197699,25.016514800217657,2.621049386440331,0.45702533069913087,0.36171924338555633,,
