,ew_all,ew_all_err,ew_e,ew_e_err,ew_b,ew_b_err,ew_b2,ew_b2_err,ew_abs,ew_abs_err
[OII] 3726,17.802728980448695,3.631829774227339,,,,,,,,
[OII] 3729,19.423529743762494,4.656184279967908,,,,,,,,
