,ew_all,ew_all_err,ew_e,ew_e_err,ew_b,ew_b_err,ew_b2,ew_b2_err,ew_abs,ew_abs_err
[OIII] 4959,439.87529177174747,45.59204784772154,413.1866272441772,44.11562103878167,23.76334921365926,2.4723313181974,2.9253153139111405,0.27113428582407495,,
