,ew_all,ew_all_err,ew_e,ew_e_err,ew_b,ew_b_err,ew_b2,ew_b2_err,ew_abs,ew_abs_err
[OIII] 4959,439.8753997432312,45.59207169285642,413.18777502991674,44.115742550883226,23.762904184452957,2.47228039528676,2.9247205288615574,0.27106907672906067,,
