,ew_all,ew_all_err,ew_e,ew_e_err,ew_b,ew_b_err,ew_b2,ew_b2_err,ew_abs,ew_abs_err
[OII] 3726,20.490616544909848,3.4121609712194623,,,,,,,,
[OII] 3729,26.664076118373597,4.3745582758582735,,,,,,,,
