,ew_all,ew_all_err,ew_e,ew_e_err,ew_b,ew_b_err,ew_b2,ew_b2_err,ew_abs,ew_abs_err
[OIII] 4959,459.63688247219847,48.108131520815164,434.16303446294387,46.58251782648659,25.016647351840817,2.6210641352911046,0.4572006574137632,0.36172763853994183,,
