,ew_all,ew_all_err,ew_e,ew_e_err,ew_b,ew_b_err,ew_b2,ew_b2_err,ew_abs,ew_abs_err
[OIII] 4959,459.6365749285971,48.108134327420444,434.16319599332473,46.58253504440299,25.016649157757897,2.621063521745094,0.4567297775144641,0.36171658708036364,,
