,ew_all,ew_all_err,ew_e,ew_e_err,ew_b,ew_b_err,ew_b2,ew_b2_err,ew_abs,ew_abs_err
[OIII] 4959,459.63692944510535,48.108131424479645,434.16302688818837,46.582517017409,25.016641473002032,2.621063572931712,0.4572610839149933,0.361728544823724,,
