,ew_all,ew_all_err,ew_e,ew_e_err,ew_b,ew_b_err,ew_b2,ew_b2_err,ew_abs,ew_abs_err
[OIII] 4959,439.87532128286085,45.59205135152906,413.18680555075247,44.11563992378193,23.763316627391745,2.472327120006949,2.925199104716617,0.2711211226853783,,
