,ew_all,ew_all_err,ew_e,ew_e_err,ew_b,ew_b_err,ew_b2,ew_b2_err,ew_abs,ew_abs_err
[OII] 3726,17.802728998250135,3.6318297799142436,,,,,,,,
[OII] 3729,19.42352961875039,4.656184280038768,,,,,,,,
