,ndata,nvarys,dof,chi2,redchi2,aic_lmfit,aic_duvet,bic_lmfit,bic_duvet
[OII]&[OII] 3726&3729,49,4,45,307.06573968763246,6.82368310416961,97.92683655481231,315.06573968763246,105.49411774725482,322.633020880075
