,ndata,nvarys,dof,chi2,redchi2,aic_lmfit,aic_duvet,bic_lmfit,bic_duvet
[OIII] 4959,142,9,133,283.29223937613443,2.1300168374145447,116.0725776384058,301.29223937613443,142.67502115681714,327.8946828945458
