,ndata,nvarys,dof,chi2,redchi2,aic_lmfit,aic_duvet,bic_lmfit,bic_duvet
[OII]&[OII] 3726&3729,49,4,45,307.06573968757607,6.823683104168357,97.92683655480332,315.06573968757607,105.49411774724582,322.6330208800186
