,ndata,nvarys,dof,chi2,redchi2,aic_lmfit,aic_duvet,bic_lmfit,bic_duvet
[OIII] 4959,142,9,133,283.29223938139535,2.1300168374541,116.07257764104284,301.29223938139535,142.6750211594542,327.8946828998067
