,ndata,nvarys,dof,chi2,redchi2,aic_lmfit,aic_duvet,bic_lmfit,bic_duvet
[OII]&[OII] 3726&3729,49,4,45,307.0657396876266,6.82368310416948,97.92683655481137,315.0657396876266,105.49411774725388,322.6330208800691
