,ndata,nvarys,dof,chi2,redchi2,aic_lmfit,aic_duvet,bic_lmfit,bic_duvet
[OIII] 4959,126,9,117,277.05715282649135,2.368009853217875,117.280680136679,295.05715282649135,142.8072172992423,320.5836899890546
