,ndata,nvarys,dof,chi2,redchi2,aic_lmfit,aic_duvet,bic_lmfit,bic_duvet
[OII]&[OII] 3726&3729,49,4,45,307.06573968761256,6.823683104169168,97.92683655480914,315.06573968761256,105.49411774725165,322.6330208800551
