,ndata,nvarys,dof,chi2,redchi2,aic_lmfit,aic_duvet,bic_lmfit,bic_duvet
[OIII] 4959,126,9,117,277.05715053012904,2.3680098335908464,117.28067909233975,295.05715053012904,142.80721625490304,320.58368769269237
