,ndata,nvarys,dof,chi2,redchi2,aic_lmfit,aic_duvet,bic_lmfit,bic_duvet
[OIII] 4959,142,9,133,283.2922394345366,2.130016837853659,116.07257766767984,301.2922394345366,142.6750211860912,327.89468295294796
