,ndata,nvarys,dof,chi2,redchi2,aic_lmfit,aic_duvet,bic_lmfit,bic_duvet
[OIII] 4959,142,9,133,283.29223979220046,2.1300168405428606,116.07257784695857,301.29223979220046,142.6750213653699,327.8946833106118
