,ndata,nvarys,dof,chi2,redchi2,aic_lmfit,aic_duvet,bic_lmfit,bic_duvet
[OIII] 4959,142,9,133,283.2922394281943,2.130016837805972,116.07257766450078,301.2922394281943,142.67502118291213,327.89468294660566
