,flux_e,flux_e_err,flux_b,flux_b_err,flux_b2,flux_b2_err,flux_abs,flux_abs_err
[OIII] 4959,522.5549707504737,1.5285419543727816,30.055605374837324,2.7264074072369513,3.699075863222309,1.6554008343985802,,
