,flux_e,flux_e_err,flux_b,flux_b_err,flux_b2,flux_b2_err,flux_abs,flux_abs_err
[OIII] 4959,522.5561969241198,1.5288669547888212,30.055083673032847,2.7270195598260294,3.698470788613343,1.6553322795765657,,
