,flux_e,flux_e_err,flux_b,flux_b_err,flux_b2,flux_b2_err,flux_abs,flux_abs_err
[OIII] 4959,522.5547452311621,1.528486576527365,30.05564660967658,2.7262836036201694,3.699222726504902,1.6552483452899245,,
