,flux_e,flux_e_err,flux_b,flux_b_err,flux_b2,flux_b2_err,flux_abs,flux_abs_err
[OIII] 4959,523.1899139340642,1.2957715833816805,30.145085819747944,2.2698709806333266,5.040916588688639,1.1180926207543018,,
