,flux_e,flux_e_err,flux_b,flux_b_err,flux_b2,flux_b2_err,flux_abs,flux_abs_err
[OII] 3726,48.369290834618326,0.645851552486384,,,,,,
[OII] 3729,61.83389306068437,0.7478363209124506,,,,,,
