,flux_e,flux_e_err,flux_b,flux_b_err,flux_b2,flux_b2_err,flux_abs,flux_abs_err
[OII] 3726,48.36928971506472,0.6458515743630636,,,,,,
[OII] 3729,61.83389443323837,0.7478364835753941,,,,,,
