,flux_e,flux_e_err,flux_b,flux_b_err,flux_b2,flux_b2_err,flux_abs,flux_abs_err
[OIII] 4959,523.1896069854108,1.2957174619809861,30.145238473033338,2.269796648365419,5.040974558996518,1.125887050080408,,
