,flux_e,flux_e_err,flux_b,flux_b_err,flux_b2,flux_b2_err,flux_abs,flux_abs_err
[OIII] 4959,523.1898107592604,1.2956171308121047,30.14524774297874,2.2695563543324653,5.040911412116001,1.118143646528198,,
