,flux_e,flux_e_err,flux_b,flux_b_err,flux_b2,flux_b2_err,flux_abs,flux_abs_err
[OII] 3726,48.36929055653909,0.6458518243293796,,,,,,
[OII] 3729,61.83389309632396,0.7478367610044017,,,,,,
