,flux_e,flux_e_err,flux_b,flux_b_err,flux_b2,flux_b2_err,flux_abs,flux_abs_err
[OIII] 4959,523.1896202566087,1.2957013330695102,30.14524479344156,2.269761969543601,5.040966375045472,1.1181943052402867,,
