,flux_e,flux_e_err,flux_b,flux_b_err,flux_b2,flux_b2_err,flux_abs,flux_abs_err
[OII] 3726,48.36929091630482,0.645851519215493,,,,,,
[OII] 3729,61.83389306922128,0.7478362894518285,,,,,,
