,flux_e,flux_e_err,flux_b,flux_b_err,flux_b2,flux_b2_err,flux_abs,flux_abs_err
[OIII] 4959,523.1896161124649,1.2957021688506263,30.145245561036962,2.2697648503381993,5.040968640770399,1.1181958124220044,,
